City,Latitude,Longitude,Temperature (F),Humidity,Cloud Cover,Wind Speed,Time Stamp
Busselton,-33.64,115.35,46.98,65,67,18.48,2019_07_14 14.51
Punta Arenas,-53.16,-70.91,39.09,93,75,5.82,2019_07_14 14.51
Riyadh,24.63,46.72,91.4,9,0,6.93,2019_07_14 14.51
Mataura,-46.19,168.86,38.68,90,90,4.81,2019_07_14 14.51
Ponta do Sol,-20.63,-46,67.48,54,42,1.19,2019_07_14 14.51
Timra,62.49,17.33,59,82,0,3.36,2019_07_14 14.51
Cape Town,-33.93,18.42,50.83,87,0,8.05,2019_07_14 14.51
Qaanaaq,77.48,-69.36,44.26,64,70,11.32,2019_07_14 14.51
Cabo San Lucas,22.89,-109.91,89.94,52,20,11.41,2019_07_14 14.51
Charters Towers,-20.07,146.27,46.24,57,99,12.93,2019_07_14 14.51
Udachnyy,66.42,112.4,59,72,75,4.47,2019_07_14 14.51
Airai,-8.93,125.41,65.86,80,48,5.75,2019_07_14 14.51
Yellowknife,62.45,-114.38,69.8,35,20,11.41,2019_07_14 14.51
Kouango,4.99,19.98,67.3,97,64,1.77,2019_07_14 14.51
Ushuaia,-54.81,-68.31,42.8,75,20,3.36,2019_07_14 14.51
New Norfolk,-42.78,147.06,45.03,61,40,14.99,2019_07_14 14.51
Jamestown,-33.21,138.6,45.52,91,74,6.73,2019_07_14 14.51
Kolpashevo,58.31,82.9,55.96,66,0,5.59,2019_07_14 14.51
Khani,41.96,42.96,68,94,75,2.24,2019_07_14 14.51
Torbay,47.66,-52.73,51.89,93,90,13.87,2019_07_14 14.51
Victoria,5.28,115.24,75.96,88,75,11.63,2019_07_14 14.51
Constitucion,23.99,-104.67,78.01,34,75,14.99,2019_07_14 14.51
Romanovo,56.49,40.39,50.92,80,0,3.27,2019_07_14 14.51
Burnie,-41.05,145.91,45.34,78,43,7,2019_07_14 14.51
Hilo,19.71,-155.08,78.73,65,90,4.7,2019_07_14 14.51
Arraial do Cabo,-22.97,-42.02,75.2,83,0,4.7,2019_07_14 14.51
Tuatapere,-46.13,167.69,46.78,68,100,15.03,2019_07_14 14.51
Isangel,-19.55,169.27,69.8,94,75,3.83,2019_07_14 14.51
Leningradskiy,69.38,178.42,36.7,95,100,6.91,2019_07_14 14.51
Muscat,23.6,58.55,89.6,75,30,4.7,2019_07_14 14.51
Ribeira Grande,38.52,-28.7,73.4,64,20,6.93,2019_07_14 14.51
Fortuna,38.18,-1.13,78.33,83,0,8.05,2019_07_14 14.51
Havre-Saint-Pierre,50.23,-63.6,57.2,93,90,14.99,2019_07_14 14.51
Kavieng,-2.57,150.8,80.26,80,100,7.34,2019_07_14 14.51
Trapani,38.02,12.54,79.29,88,0,2.24,2019_07_14 14.51
Saint-Philippe,45.36,-73.48,75.72,50,40,16.11,2019_07_14 14.51
Albany,42.65,-73.75,80.85,45,20,17.22,2019_07_14 14.51
Vaini,15.34,74.49,76.84,89,90,1.34,2019_07_14 14.51
Lagoa,37.14,-8.45,71.91,64,0,13.87,2019_07_14 14.51
Hermanus,-34.42,19.24,53.01,85,16,1.01,2019_07_14 14.51
Codrington,-28.95,153.24,48.27,46,0,12.75,2019_07_14 14.51
Miramar,10.09,-84.73,76.57,57,90,8.05,2019_07_14 14.51
Chumikan,54.72,135.31,52.36,93,100,2.33,2019_07_14 14.51
Groningen,53.22,6.57,57.9,82,90,6.93,2019_07_14 14.51
Bud,62.91,6.91,50,71,75,8.05,2019_07_14 14.51
Bambous Virieux,-20.34,57.76,64.72,77,40,3.36,2019_07_14 14.51
Sola,-3.17,33.8,70.36,48,66,11.7,2019_07_14 14.51
Markova,52.21,104.21,57.67,93,40,8.95,2019_07_14 14.51
Faanui,-16.48,-151.75,79.18,75,61,9.57,2019_07_14 14.51
Guerrero Negro,27.97,-114.04,69.1,84,0,11.1,2019_07_14 14.51
Rikitea,-23.12,-134.97,74.68,84,66,14.76,2019_07_14 14.51
Bonfim,3.36,-59.84,89.44,49,0,6.87,2019_07_14 14.51
Bethel,60.79,-161.76,63.93,68,75,5.86,2019_07_14 14.51
Hobart,-42.88,147.33,45.03,61,40,14.99,2019_07_14 14.51
Krutikha,53.96,81.21,58.66,84,0,7.09,2019_07_14 14.51
Sangueya,10.7,-14.37,76.66,86,100,6.44,2019_07_14 14.51
Nador,35.17,-2.93,81.37,39,0,12.75,2019_07_14 14.51
Birao,10.3,22.78,75.4,86,95,8.3,2019_07_14 14.51
Cabedelo,-6.97,-34.84,77,83,20,9.17,2019_07_14 14.51
Lebu,8.96,38.73,56.68,86,95,1.23,2019_07_14 14.51
Phanat Nikhom,13.45,101.18,83.03,65,20,5.82,2019_07_14 14.51
Thompson,55.74,-97.86,66.2,63,75,3.36,2019_07_14 14.51
Bredasdorp,-34.53,20.04,48.2,87,28,5.82,2019_07_14 14.51
Huesca,42.14,-0.41,72.32,64,0,8.05,2019_07_14 14.51
Brindisi,40.63,17.94,72.37,57,0,9.17,2019_07_14 14.51
Cherskiy,68.75,161.3,40.12,92,100,20.22,2019_07_14 14.51
Lugovoy,59.72,65.88,69.46,78,6,9.19,2019_07_14 14.51
Sitka,37.17,-99.65,90,42,0,8.99,2019_07_14 14.51
Kalmunai,7.42,81.82,77.74,84,96,2.3,2019_07_14 14.51
Vestmanna,62.16,-7.17,51.8,100,100,5.82,2019_07_14 14.51
Port Alfred,-33.59,26.89,60.01,91,0,1.01,2019_07_14 14.51
Gigmoto,13.78,124.39,80.62,77,100,15.12,2019_07_14 14.51
Dikson,73.51,80.55,41.74,81,100,12.19,2019_07_14 14.51
Vanimo,-2.67,141.3,80.44,79,32,4.94,2019_07_14 14.51
Klaksvik,62.23,-6.59,51.8,100,100,5.82,2019_07_14 14.51
Chuy,-33.69,-53.46,48.58,84,0,8.23,2019_07_14 14.51
Byron Bay,-28.65,153.62,44.46,71,0,16.11,2019_07_14 14.51
Husavik,50.56,-96.99,85.48,43,99,7,2019_07_14 14.51
Sobolevo,54.43,31.9,52.54,87,97,2.84,2019_07_14 14.51
Puerto Ayora,-0.74,-90.35,78.8,65,20,21.92,2019_07_14 14.51
Castro,-42.48,-73.76,48.2,81,20,10.29,2019_07_14 14.51
Miri,10.31,9.75,72.16,93,100,4.81,2019_07_14 14.51
Novo Oriente,-5.54,-40.77,73.96,67,29,4.14,2019_07_14 14.51
Sarkand,45.41,79.91,69.28,39,0,7.29,2019_07_14 14.51
Qaqortoq,60.72,-46.03,62.6,36,0,10.29,2019_07_14 14.51
Port Elizabeth,39.31,-74.98,89.42,58,1,11.41,2019_07_14 14.51
Kapaa,22.08,-159.32,79.07,78,75,19.46,2019_07_14 14.51
Srednekolymsk,67.46,153.71,50.38,66,100,16.87,2019_07_14 14.51
Vysokogornyy,50.1,139.13,55.24,91,100,3.8,2019_07_14 14.51
Shingu,33.72,135.99,68.38,98,79,2.75,2019_07_14 14.51
Clyde River,70.47,-68.59,41,93,90,16.11,2019_07_14 14.51
Mar del Plata,-46.43,-67.52,43,67,41,6.93,2019_07_14 14.51
Barrow,-38.31,-60.23,50.56,63,100,7.05,2019_07_14 14.51
Pisco,-13.71,-76.2,67.08,30,90,9.17,2019_07_14 14.51
Samarai,-10.62,150.67,73.78,95,100,8.7,2019_07_14 14.51
Georgetown,6.8,-58.16,83.1,70,40,9.17,2019_07_14 14.51
Goderich,43.74,-81.71,70.52,81,0,3.18,2019_07_14 14.51
Talnakh,69.49,88.39,51.8,100,100,8.95,2019_07_14 14.51
Bolshaya Dzhalga,45.97,42.7,68.74,50,100,5.17,2019_07_14 14.51
Provideniya,64.42,-173.23,53.6,71,90,8.95,2019_07_14 14.51
Hofn,64.25,-15.21,44.44,97,100,2.8,2019_07_14 14.51
Butaritari,3.07,172.79,85.12,68,100,8.93,2019_07_14 14.51
Cayenne,4.94,-52.33,82.4,78,20,2.24,2019_07_14 14.51
Buta,2.79,24.73,71.8,79,98,0.89,2019_07_14 14.51
Bluff,-23.58,149.07,43,59,87,5.68,2019_07_14 14.51
Port Hardy,50.7,-127.42,62.6,88,40,4.7,2019_07_14 14.51
Sinnamary,5.38,-52.96,81.7,75,0,11.5,2019_07_14 14.51
Kupang,-10.16,123.6,75.04,76,30,20.2,2019_07_14 14.51
Coihaique,-45.58,-72.07,43.59,65,20,6.93,2019_07_14 14.51
Nikolskoye,59.7,30.79,52.81,76,0,4.47,2019_07_14 14.51
Bend,44.06,-121.32,79.3,21,1,8.05,2019_07_14 14.51
Harper,30.3,-99.24,93.25,41,40,6.93,2019_07_14 14.51
Billings,45.79,-108.5,89.19,29,20,4.7,2019_07_14 14.51
Rio Grande,-32.03,-52.1,55.4,66,20,8.05,2019_07_14 14.51
Caravelas,-17.73,-39.27,72.52,76,0,8.37,2019_07_14 14.51
Mahebourg,-20.41,57.7,64.72,77,40,3.36,2019_07_14 14.51
Xai-Xai,-25.04,33.64,61.72,93,0,5.23,2019_07_14 14.51
Chipinge,-20.19,32.62,56.32,79,0,5.86,2019_07_14 14.51
Laguna,16.17,-88.94,91.4,66,40,4.7,2019_07_14 14.51
Chapais,49.78,-74.86,62.6,67,90,9.17,2019_07_14 14.51
Petropavlovka,50.61,105.32,54.16,90,100,3.13,2019_07_14 14.51
Vardo,39.62,-77.74,89.89,46,1,5.82,2019_07_14 14.51
Ritto,35.04,135.98,71.53,94,75,1.12,2019_07_14 14.51
Gambissara,13.24,-14.31,84.94,67,96,7.7,2019_07_14 14.51
Bangkalan,-7.05,112.74,67.3,91,94,3.53,2019_07_14 14.51
Alofi,-19.06,-169.92,77,94,75,10.29,2019_07_14 14.51
Kandrian,-6.21,149.55,73.78,95,100,2.42,2019_07_14 14.51
Dvorichna,49.85,37.68,58.48,78,8,4.09,2019_07_14 14.51
Veraval,49.65,0.71,59.9,67,0,12.75,2019_07_14 14.51
Kashin,57.36,37.61,50.74,86,99,3.31,2019_07_14 14.51
Tuktoyaktuk,69.44,-133.03,62.6,67,75,9.17,2019_07_14 14.51
Neuquen,-38.95,-68.06,57.2,26,0,20.8,2019_07_14 14.51
Tasiilaq,65.61,-37.64,48.2,61,75,6.93,2019_07_14 14.51
Machico,32.7,-16.77,68.41,78,40,11.41,2019_07_14 14.51
Olinda,-37.84,145.39,47.25,93,75,12.75,2019_07_14 14.51
Lata,30.78,78.62,42.82,92,99,1.23,2019_07_14 14.51
Faya,18.39,42.45,75.25,53,20,3.36,2019_07_14 14.51
Atuona,-9.8,-139.03,80.8,75,16,18.21,2019_07_14 14.51
Saldanha,41.42,-6.55,76.48,51,0,6.49,2019_07_14 14.51
Mount Gambier,-37.83,140.78,50,87,90,13.87,2019_07_14 14.51
Macheng,31.18,115.03,71.08,94,0,0.45,2019_07_14 14.51
East London,-33.02,27.91,54.16,83,0,5.23,2019_07_14 14.51
Slobidka,48.42,26.77,59.34,93,75,4.47,2019_07_14 14.51
Kununurra,-15.77,128.74,64.4,25,0,11.41,2019_07_14 14.51
Oskaloosa,39.22,-95.31,90.39,59,20,5.82,2019_07_14 14.51
Tiksi,71.64,128.87,42.28,68,96,2.33,2019_07_14 14.51
Chandur Bazar,21.24,77.75,71.26,87,100,7.09,2019_07_14 14.51
Martapura,-3.41,114.85,71.44,89,53,6.29,2019_07_14 14.51
Avarua,-21.21,-159.78,73.4,69,19,8.05,2019_07_14 14.51
Mehamn,71.03,27.85,46.4,75,75,6.93,2019_07_14 14.51
Kodiak,39.95,-94.76,90.43,62,1,14.99,2019_07_14 14.51
Kungurtug,50.6,97.53,47.5,93,85,1.79,2019_07_14 14.51
Khatanga,71.98,102.47,48.94,59,87,10.76,2019_07_14 14.51
Aksarka,66.56,67.8,61.18,87,41,5.37,2019_07_14 14.51
Aasiaat,68.71,-52.87,44.26,68,0,5.3,2019_07_14 14.51
Saskylakh,71.97,114.09,45.88,64,4,10.45,2019_07_14 14.51
Yulara,-25.24,130.99,41,65,0,5.82,2019_07_14 14.51
Katsuura,33.93,134.5,69.96,94,75,5.82,2019_07_14 14.51
Zhangjiakou,40.77,114.88,59.74,72,0,3.02,2019_07_14 14.51
College,64.86,-147.8,72.09,56,1,6.93,2019_07_14 14.51
Kudahuvadhoo,2.67,72.89,83.14,67,47,2.51,2019_07_14 14.51
Waconia,44.85,-93.79,89.96,59,40,8.05,2019_07_14 14.51
Luderitz,-26.65,15.16,50,100,0,14.09,2019_07_14 14.51
Kanker,20.27,81.49,74.68,91,79,5.26,2019_07_14 14.51
Verkhnyaya Inta,65.99,60.32,57.94,94,100,14.43,2019_07_14 14.51
Samrala,30.84,76.19,73.4,100,40,5.82,2019_07_14 14.51
Necochea,-38.55,-58.74,51.01,75,100,1.01,2019_07_14 14.51
Ben Tre,10.24,106.37,76.84,91,87,5.88,2019_07_14 14.51
Micheweni,-4.97,39.83,78.28,76,43,21.32,2019_07_14 14.51
Angoche,-16.23,39.91,67.12,93,6,3.49,2019_07_14 14.51
Ust-Kuyga,70,135.55,46.78,62,0,0.67,2019_07_14 14.51
Ostrozska Nova Ves,49,17.44,59.41,63,0,3.36,2019_07_14 14.51
Melfort,52.87,-104.61,75.2,64,1,3.36,2019_07_14 14.51
Hami,42.84,93.51,81.34,17,40,10.29,2019_07_14 14.51
Rawatbhata,24.93,75.59,81.34,67,33,14.23,2019_07_14 14.51
Pingliang,35.54,106.68,60.82,75,100,1.63,2019_07_14 14.51
Karratha,-20.74,116.85,63.16,26,0,16.84,2019_07_14 14.51
Namibe,-15.19,12.15,66.22,85,87,10.98,2019_07_14 14.51
Kruisfontein,-34,24.73,50.02,89,19,5.23,2019_07_14 14.51
Kamareddi,18.32,78.34,75.22,87,79,6.96,2019_07_14 14.51
Dingle,11,122.67,73.6,89,93,2.15,2019_07_14 14.51
Chokurdakh,70.62,147.9,44.98,86,93,9.93,2019_07_14 14.51
Kutum,14.2,24.66,76.84,58,92,14.41,2019_07_14 14.51
Alice Springs,-23.7,133.88,33.8,74,0,3.36,2019_07_14 14.51
Surab,28.49,66.26,72.7,51,0,6.2,2019_07_14 14.51
San Patricio,-26.98,-56.83,63.16,97,100,5.46,2019_07_14 14.51
Nanortalik,60.14,-45.24,39.04,92,94,6.87,2019_07_14 14.51
Belgrade,44.82,20.46,61.68,93,0,6.93,2019_07_14 14.51
Fare,-16.7,-151.02,78.28,79,67,11.14,2019_07_14 14.51
Owasso,36.27,-95.86,85.95,65,75,9.17,2019_07_14 14.51
Vegreville,53.5,-112.05,73,58,100,5.01,2019_07_14 14.51
Conroe,30.31,-95.46,89.71,70,75,4.7,2019_07_14 14.51
Apatou,5.16,-54.34,83.32,72,60,2.37,2019_07_14 14.51
Kyren,51.68,102.13,49.12,98,100,1.95,2019_07_14 14.51
Bilibino,68.06,166.44,68.74,46,100,14.45,2019_07_14 14.51
Sambava,-14.27,50.17,63.16,76,57,3.38,2019_07_14 14.51
Longyearbyen,78.22,15.63,46.4,70,40,5.82,2019_07_14 14.51
Duobao,30.67,112.69,75.99,92,64,1.9,2019_07_14 14.51
San Luis,-33.3,-66.34,62.62,54,63,7.09,2019_07_14 14.52
Dicabisagan,17.08,122.42,72.7,93,34,2.21,2019_07_14 14.52
Grindavik,63.84,-22.43,56.46,100,90,16.11,2019_07_14 14.52
Sile,35.56,-106.37,91.62,19,20,7.87,2019_07_14 14.52
Ilulissat,69.22,-51.1,57.2,35,20,8.05,2019_07_14 14.52
Castro Alves,-12.76,-39.43,67.3,81,0,4.34,2019_07_14 14.52
La Ronge,55.1,-105.3,71.6,68,75,9.17,2019_07_14 14.52
Tevriz,57.51,72.4,65.14,88,25,4.7,2019_07_14 14.52
Christchurch,-43.53,172.64,34.74,85,72,4.72,2019_07_14 14.52
Alvand,36.19,50.06,77,53,0,2.24,2019_07_14 14.52
Pevek,69.7,170.27,34.36,97,100,13.65,2019_07_14 14.52
Berezovyy,51.67,135.7,58.66,95,100,1.39,2019_07_14 14.52
Shebunino,57.66,40.04,53.6,100,0,2.55,2019_07_14 14.52
Axim,4.87,-2.24,75.04,87,0,7.18,2019_07_14 14.52
Naze,5.43,7.07,74.5,95,100,5.59,2019_07_14 14.52
Hirado,33.32,129.49,72.34,100,75,9.17,2019_07_14 14.52
Puke,42.04,19.9,75.2,41,0,10.29,2019_07_14 14.52
Barrhead,54.12,-114.4,73.4,53,20,5.82,2019_07_14 14.52
Mesyagutovo,55.53,58.24,64.6,97,100,13.85,2019_07_14 14.52
Bubaque,11.28,-15.83,80.26,80,55,11.25,2019_07_14 14.52
Kaitangata,-46.28,169.85,37,75,76,3,2019_07_14 14.52
Ulladulla,-35.36,150.48,48.29,57,0,18.34,2019_07_14 14.52
Bingol,38.88,40.49,64.06,22,0,4.43,2019_07_14 14.52
Flin Flon,54.77,-101.88,73.4,56,75,6.93,2019_07_14 14.52
Jumla,29.28,82.18,51.82,95,98,1.97,2019_07_14 14.52
Whitehorse,60.72,-135.06,62.8,72,90,4.7,2019_07_14 14.52
Yeppoon,-23.13,150.74,42.8,60,100,3.36,2019_07_14 14.52
Yashalta,46.34,42.27,67.66,56,89,5.14,2019_07_14 14.52
Severo-Kurilsk,50.68,156.12,43.9,97,85,10.29,2019_07_14 14.52
Mokobeng,-23,27.67,54.7,40,0,5.08,2019_07_14 14.52
Pata,13.44,-14.95,85.84,63,76,9.89,2019_07_14 14.52
San Carlos,11.12,-84.78,73.99,37,14,15.01,2019_07_14 14.52
Remontnoye,46.56,43.66,69.8,56,100,4.47,2019_07_14 14.52
Gustavo Diaz Ordaz,24.01,-104.69,78.01,34,75,14.99,2019_07_14 14.52
Toora-Khem,52.47,96.11,51.46,98,100,4.34,2019_07_14 14.52
Lagos,6.46,3.39,77,88,20,3.36,2019_07_14 14.52
Guarapari,-20.67,-40.5,79.81,57,0,9.17,2019_07_14 14.52
Hakkari,61.34,23.75,53.13,71,0,1.95,2019_07_14 14.52
Northam,-31.65,116.67,53.6,58,6,10.29,2019_07_14 14.52
Taraz,42.89,71.39,80.6,28,0,8.95,2019_07_14 14.52
Nortelandia,-14.45,-56.8,86.56,32,27,3,2019_07_14 14.52
Mata,40.68,-7.46,66.78,77,0,1.01,2019_07_14 14.52
Masvingo,-20.08,30.83,53.26,66,0,5.64,2019_07_14 14.52
Osorno,-40.57,-73.14,53.6,66,40,9.17,2019_07_14 14.52
Ust-Omchug,61.13,149.63,63.16,60,42,6.38,2019_07_14 14.52
Geraldton,49.72,-86.95,77,53,90,14.99,2019_07_14 14.52
Yarada,17.65,83.27,82.78,72,43,12.59,2019_07_14 14.52
Noumea,-22.28,166.46,64.4,100,90,2.24,2019_07_14 14.52
Sampit,-2.54,112.95,68.38,99,89,1.5,2019_07_14 14.52
Flinders,-34.58,150.85,53.13,57,0,18.34,2019_07_14 14.52
Komsomolskiy,67.55,63.78,47.32,93,99,4.81,2019_07_14 14.52
Ayan,38.23,44.7,56.68,39,0,3.87,2019_07_14 14.52
Martinsicuro,42.89,13.92,69.1,73,0,1.12,2019_07_14 14.52
Tokat,40.33,36.55,59,54,75,8.05,2019_07_14 14.52
Gravdal,59.79,5.78,53.98,81,40,21.92,2019_07_14 14.52
Ylivieska,64.07,24.53,52.92,79,100,2.71,2019_07_14 14.52
Hobyo,5.35,48.53,77.74,75,15,21.77,2019_07_14 14.52
Coahuayana,18.62,-100.35,86.92,65,100,1.7,2019_07_14 14.52
Sabang,13.8,121.11,73.6,95,100,1.39,2019_07_14 14.52
Bang Saphan,11.21,99.51,79.54,83,87,11.07,2019_07_14 14.52
Barcelos,-0.97,-62.93,82.24,76,100,3.11,2019_07_14 14.52
Souillac,45.6,-0.6,70.79,40,0,9.17,2019_07_14 14.52
Quibdo,5.69,-76.66,84.2,79,90,4.7,2019_07_14 14.52
Upernavik,72.79,-56.15,45.34,78,6,5.97,2019_07_14 14.52
Portland,43.66,-70.25,82.02,48,40,11.41,2019_07_14 14.52
Zhezkazgan,47.8,67.71,78.82,31,0,11.48,2019_07_14 14.52
Megion,61.04,76.11,69.8,73,0,4.47,2019_07_14 14.52
Norman Wells,65.28,-126.83,68,52,75,4.7,2019_07_14 14.52
Carnarvon,-30.97,22.13,55.42,21,0,7.49,2019_07_14 14.52
Lerwick,60.15,-1.15,51.8,87,43,6.93,2019_07_14 14.52
Puerto Cabello,10.47,-68.01,81.52,72,1,7.72,2019_07_14 14.52
Hamilton,43.26,-79.87,80.55,47,20,11.41,2019_07_14 14.52
Ahipara,-35.17,173.16,57.94,66,0,14.76,2019_07_14 14.52
Touros,-5.2,-35.46,78.8,83,40,10.29,2019_07_14 14.52
Yar-Sale,66.83,70.83,62.44,88,51,2.89,2019_07_14 14.52
Palenque,17.51,-91.98,91.4,59,75,5.82,2019_07_14 14.52
Buraydah,26.33,43.97,93.2,18,0,3.36,2019_07_14 14.52
Cockburn Town,21.46,-71.14,82.78,77,5,19.69,2019_07_14 14.52
Alta Floresta,-9.87,-56.08,93.2,32,20,8.05,2019_07_14 14.52
Kenai,60.55,-151.26,60.73,82,90,13.87,2019_07_14 14.52
Najran,17.54,44.22,86,15,0,3.47,2019_07_14 14.52
Ridgecrest,35.62,-117.67,102.96,11,0,14,2019_07_14 14.52
Salalah,17.01,54.1,78.8,94,90,6.93,2019_07_14 14.52
Te Anau,-45.41,167.72,38.5,74,37,5.1,2019_07_14 14.52
Pangnirtung,66.15,-65.72,50,76,75,5.82,2019_07_14 14.52
Morondava,-20.3,44.28,73.24,54,0,11.56,2019_07_14 14.52
Talara,-4.58,-81.27,62.6,290,0,13.87,2019_07_14 14.52
Progreso,-34.68,-56.22,50.58,76,0,10.29,2019_07_14 14.52
Yaan,7.38,8.57,75.4,93,92,2.91,2019_07_14 14.52
Portobelo,9.55,-79.65,77.34,94,75,3.36,2019_07_14 14.52
Lorengau,-2.02,147.27,79,82,88,8.66,2019_07_14 14.52
Kpandae,8.46,-0.01,77.38,76,0,5.26,2019_07_14 14.52
Dunedin,-45.87,170.5,44.01,73,28,3,2019_07_14 14.52
Hithadhoo,-0.6,73.08,83.14,70,17,4.76,2019_07_14 14.52
Victor Harbor,-35.55,138.62,50.97,93,75,11.41,2019_07_14 14.52
Zharkent,44.17,80,53.08,49,0,1.88,2019_07_14 14.52
Taltal,-25.41,-70.49,56.68,72,100,3.74,2019_07_14 14.52
Igbaras,10.72,122.27,78.1,83,100,3.15,2019_07_14 14.52
Kahului,20.89,-156.47,81.19,48,20,20.8,2019_07_14 14.52
Walker,43.01,-85.77,84.36,26,1,0.85,2019_07_14 14.52
Jawhar,19.91,73.23,79.18,86,71,6.64,2019_07_14 14.52
Sirnach,47.46,8.99,58.24,93,75,8.05,2019_07_14 14.52
Antofagasta,-23.65,-70.4,57.2,67,20,10.29,2019_07_14 14.52
Carutapera,-1.2,-46.02,78.64,82,9,8.01,2019_07_14 14.52
Buala,-8.15,159.59,77.38,83,95,2.64,2019_07_14 14.52
Puertollano,38.69,-4.11,74.68,38,0,3.42,2019_07_14 14.52
Takoradi,4.89,-1.75,72.16,90,0,3.65,2019_07_14 14.52
Hambantota,6.12,81.12,81.88,81,100,16.28,2019_07_14 14.52
Urengoy,65.96,78.37,63.7,81,51,12.17,2019_07_14 14.52
Batemans Bay,-35.71,150.18,42.96,55,35,4,2019_07_14 14.52
Kavaratti,10.57,72.64,82.6,74,100,12.95,2019_07_14 14.52
Bilma,18.69,12.92,97.36,12,0,8.41,2019_07_14 14.52
Cuamba,-14.8,36.54,58.84,88,37,5.59,2019_07_14 14.52
Palmerston,-12.49,130.99,68.45,32,0,10.29,2019_07_14 14.52
Manakara,-22.14,48.01,64.96,72,94,1.5,2019_07_14 14.52
Vermilion,53.35,-110.85,71.6,64,75,9.17,2019_07_14 14.52
Puerto Escondido,15.86,-97.07,87.8,66,40,6.93,2019_07_14 14.52
Grand-Lahou,5.24,-5,71.08,90,4,3.38,2019_07_14 14.52
Monte Alegre,-2,-54.07,79.18,91,88,3.56,2019_07_14 14.52
Aklavik,68.22,-135.01,69.8,49,75,11.41,2019_07_14 14.52
Sirnak,37.52,42.46,68.38,21,0,2.48,2019_07_14 14.52
Peleduy,59.63,112.75,58.12,85,16,4.43,2019_07_14 14.52
Nalut,31.86,10.98,93.58,12,0,5.99,2019_07_14 14.52
Ancud,-41.87,-73.83,48.2,81,20,10.29,2019_07_14 14.52
Pacific Grove,36.62,-121.92,77.52,72,40,9.17,2019_07_14 14.52
Conde,-11.81,-37.61,69.64,88,0,3.49,2019_07_14 14.52
Aranos,-24.14,19.11,58.12,14,0,12.12,2019_07_14 14.52
Tavistock,43.32,-80.84,78.31,44,1,10.29,2019_07_14 14.52
Port Macquarie,-31.43,152.91,51.39,61,0,14.99,2019_07_14 14.52
Tazovskiy,67.47,78.7,52,81,92,12.66,2019_07_14 14.52
Omboue,-1.57,9.26,74.14,83,73,14.45,2019_07_14 14.52
Wawa,9.9,4.41,80.26,67,100,1.63,2019_07_14 14.52
Clonakilty,51.62,-8.87,58.24,93,20,5.82,2019_07_14 14.52
Ouagadougou,12.37,-1.53,87.84,62,20,2.24,2019_07_14 14.52
Alenquer,-1.95,-54.74,86,74,20,10.29,2019_07_14 14.52
Mocuba,-16.84,36.99,59.02,96,24,1.12,2019_07_14 14.52
Araripina,-7.58,-40.5,68.2,81,22,5.59,2019_07_14 14.52
Zhigansk,66.77,123.37,57.58,45,30,16.96,2019_07_14 14.52
Hasaki,35.73,140.83,67.75,94,75,8.05,2019_07_14 14.52
Vanderhoof,54.02,-124.02,72.52,34,0,8.86,2019_07_14 14.52
Mahon,51.89,-8.4,58.19,93,20,5.82,2019_07_14 14.52
Tolaga Bay,-38.37,178.3,50.38,69,3,9.15,2019_07_14 14.52
Banda Aceh,5.56,95.32,82.96,71,83,9.24,2019_07_14 14.52
Okhotsk,59.36,143.24,53.08,91,100,7.34,2019_07_14 14.52
Ningyang,35.76,116.79,72.7,75,1,3.94,2019_07_14 14.52
Gorontalo,0.54,123.06,73.42,85,100,6.64,2019_07_14 14.52
Fangshan,39.75,116.14,76.42,88,0,2.24,2019_07_14 14.52
Mbuji-Mayi,-6.13,23.6,77.38,32,1,2.86,2019_07_14 14.52
Meulaboh,4.14,96.13,80.26,75,94,7.18,2019_07_14 14.52
Beloha,-25.17,45.06,64.42,83,44,14.83,2019_07_14 14.52
Ust-Koksa,50.27,85.62,50.2,98,100,4.36,2019_07_14 14.52
Esperance,-33.86,121.89,42.8,93,0,11.41,2019_07_14 14.52
La Rioja,-29.41,-66.86,55.78,68,11,5.53,2019_07_14 14.52
Luena,-11.78,19.91,54.16,34,0,2.59,2019_07_14 14.52
Sur,22.57,59.53,81.52,68,82,17.69,2019_07_14 14.52
Vao,59.1,26.19,49.12,71,74,3.33,2019_07_14 14.52
Cidreira,-30.17,-50.22,51.82,85,100,7.23,2019_07_14 14.52
Imbituba,-28.24,-48.67,62.6,93,90,6.93,2019_07_14 14.52
Chalmette,29.94,-89.96,76.23,83,75,8.05,2019_07_14 14.52
Sokolka,52.46,43.89,56.14,92,0,6.58,2019_07_14 14.52
Nelson Bay,-32.72,152.14,51.94,62,40,23.04,2019_07_14 14.52
Korhogo,9.46,-5.63,73.42,87,0,4.41,2019_07_14 14.52
Tomatlan,19.93,-105.25,86.38,67,97,12.33,2019_07_14 14.52
Kolaras,25.22,77.61,82.6,64,34,14.07,2019_07_14 14.52
Dongsheng,29.72,112.52,72.88,93,89,3.13,2019_07_14 14.52
Vangaindrano,-23.35,47.6,60.28,87,32,2.44,2019_07_14 14.52
Chambas,22.19,-78.91,89.6,59,40,17.22,2019_07_14 14.52
Iqaluit,63.75,-68.52,50,71,40,9.17,2019_07_14 14.52
Cairns,-16.92,145.77,59.86,77,32,10.29,2019_07_14 14.52
Svetlaya,46.54,138.33,54.52,99,100,2.75,2019_07_14 14.52
Moscow,55.75,37.62,57.51,93,0,2.24,2019_07_14 14.52
Jamame,0.07,42.75,77.02,74,77,9.31,2019_07_14 14.52
Sao Filipe,14.9,-24.5,74.32,87,9,12.44,2019_07_14 14.52
Shubarkuduk,49.15,56.49,69.82,84,80,22.15,2019_07_14 14.52
Dawei,14.07,98.19,81.16,76,100,5.77,2019_07_14 14.52
Hounde,11.5,-3.52,77.92,75,25,4.07,2019_07_14 14.52
Senovo,43.65,26.37,59.2,89,35,3.47,2019_07_14 14.52
Nome,30.04,-94.42,84.63,100,90,11.41,2019_07_14 14.52
Nyurba,63.29,118.35,61.36,91,88,6.26,2019_07_14 14.52
Shenjiamen,29.96,122.3,73.96,91,20,3.42,2019_07_14 14.52
Dayong,25.02,118.29,82.4,88,0,4.47,2019_07_14 14.52
Manaus,-3.13,-59.98,88.72,62,40,4.7,2019_07_14 14.52
Znin,52.85,17.72,58.26,51,0,6.93,2019_07_14 14.52
Beringovskiy,63.05,179.32,55.42,82,100,3.11,2019_07_14 14.52
Lamu,35.77,102.37,51.1,79,100,1.39,2019_07_14 14.52
Hastings,-39.64,176.84,46.06,79,0,2.68,2019_07_14 14.52
Bar,49.07,27.67,58.48,88,100,3.04,2019_07_14 14.52
Zyryanka,65.73,150.89,58.84,67,50,27.07,2019_07_14 14.52
Hay River,60.82,-115.79,66.2,68,40,10.29,2019_07_14 14.52
Xinmin,42,122.83,69.8,94,90,2.24,2019_07_14 14.52
Fairbanks,64.84,-147.72,71.92,56,1,6.93,2019_07_14 14.52
Ugoofaaru,5.67,73,83.5,72,100,8.46,2019_07_14 14.52
Ambilobe,-13.19,49.05,67.66,66,0,13.51,2019_07_14 14.52
Praia,-20.25,-43.81,78.8,31,0,6.93,2019_07_14 14.52
Xichang,27.88,102.25,55.42,98,100,2.48,2019_07_14 14.52
Colares,38.8,-9.45,67.66,77,20,9.17,2019_07_14 14.52
Haines Junction,60.75,-137.51,64.24,41,22,8.97,2019_07_14 14.52
Ler,63.2,10.3,50.34,81,75,10.29,2019_07_14 14.52
Luganville,-15.51,167.18,73.4,100,75,1.12,2019_07_14 14.53
Hervey Bay,-25.3,152.85,46.2,49,66,6.93,2019_07_14 14.53
Tromso,69.65,18.96,49.5,70,75,10.29,2019_07_14 14.53
Winfield,37.24,-97,91.33,55,40,11.41,2019_07_14 14.53
Chudniv,50.05,28.12,57.04,89,100,4,2019_07_14 14.53
Kaeo,-35.1,173.78,45,95,0,3,2019_07_14 14.53
Koshurnikovo,54.3,93.39,52,85,0,4.09,2019_07_14 14.53
Zabol,31.03,61.49,95,17,0,24.16,2019_07_14 14.53
Huarmey,-10.07,-78.15,62.44,84,0,16.35,2019_07_14 14.53
Dothan,31.22,-85.39,78.53,65,90,12.75,2019_07_14 14.53
Boulsa,12.66,-0.57,86.38,49,3,7.63,2019_07_14 14.53
Biltine,14.53,20.93,95.38,26,0,9.48,2019_07_14 14.53
Tokmak,47.26,35.7,64.24,63,38,6.26,2019_07_14 14.53
Letlhakane,-21.42,25.59,57.76,35,0,11.03,2019_07_14 14.53
Ballina,54.11,-9.15,64.4,56,20,4.7,2019_07_14 14.53
Kandi,11.13,2.93,80.62,66,60,3.94,2019_07_14 14.53
Eirunepe,-6.66,-69.87,80.26,85,83,3.76,2019_07_14 14.53
Vryburg,-26.96,24.73,48.94,40,0,4.38,2019_07_14 14.53
Chesley,44.3,-81.09,70.68,64,75,6.93,2019_07_14 14.53
Mumford,5.26,-0.76,72.16,91,5,3.53,2019_07_14 14.53
Darovskoy,58.77,47.96,52.54,93,0,2.93,2019_07_14 14.53
Nouakchott,18.08,-15.98,77,78,0,21.92,2019_07_14 14.53
Mackay,53.65,-115.58,69.91,52,100,2.24,2019_07_14 14.53
Erdenet,49.03,104.04,57.58,93,100,5.73,2019_07_14 14.53
Lavrentiya,65.58,-170.99,62.8,60,100,4.05,2019_07_14 14.53
Tautira,-17.73,-149.15,79.39,74,75,12.75,2019_07_14 14.53
Loukhi,66.08,33.04,46.78,90,100,11.39,2019_07_14 14.53
Paraiso,-0.03,-51.17,86,70,40,13.87,2019_07_14 14.53
Roebourne,-20.77,117.15,62.8,26,0,17.25,2019_07_14 14.53
Cheremisinovo,51.89,37.26,60.8,63,40,2.24,2019_07_14 14.53
Venezuela,21.74,-78.8,87.82,62,78,15.88,2019_07_14 14.53
Fecamp,49.76,0.37,59.58,67,0,8.05,2019_07_14 14.53
Saint George,39.45,22.34,73.26,57,40,2.04,2019_07_14 14.53
Straumen,63.87,11.3,50.74,81,75,10.29,2019_07_14 14.53
Neosho,43.31,-88.52,84,51,40,5.82,2019_07_14 14.53
Vila Velha,-3.71,-38.6,82.83,65,0,10.29,2019_07_14 14.53
Sorland,67.67,12.69,50,81,75,4.7,2019_07_14 14.53
Belmonte,40.36,-7.35,69.01,77,0,1.01,2019_07_14 14.53
Akom,2.67,12.71,66.76,98,61,1.23,2019_07_14 14.53
Kulhudhuffushi,6.62,73.07,83.14,71,100,7.36,2019_07_14 14.53
Dandong,40.12,124.37,68.38,94,100,3.98,2019_07_14 14.53
Blackfoot,43.19,-112.35,87.76,21,20,10.29,2019_07_14 14.53
Mayo,63.59,-135.9,73.4,43,75,6.93,2019_07_14 14.53
Reykjavik,64.15,-21.94,55.83,100,90,16.11,2019_07_14 14.53
Sayat,38.78,63.88,87.8,23,0,13.87,2019_07_14 14.53
Paoua,7.24,16.43,68.38,93,21,1.97,2019_07_14 14.53
Haapiti,-17.57,-149.87,80.28,74,75,12.75,2019_07_14 14.53
Puerto Montt,-41.47,-72.94,48.2,87,75,8.05,2019_07_14 14.53
Rosarito,4.91,-75.23,79.11,64,75,3.36,2019_07_14 14.53
Ajdabiya,30.75,20.22,79,86,0,7.25,2019_07_14 14.53
Salinas,36.67,-121.66,78.24,33,1,13.87,2019_07_14 14.53
Mount Isa,-20.73,139.49,50,34,0,17.22,2019_07_14 14.53
Filadelfia,-22.35,-60.04,70.54,84,88,7.47,2019_07_14 14.53
Rock Hill,34.92,-81.03,91.17,52,40,3.36,2019_07_14 14.53
Oranjestad,12.52,-70.03,87.8,66,40,24.16,2019_07_14 14.53
Tilichiki,60.47,166.1,63.16,63,36,6.04,2019_07_14 14.53
Kazachinskoye,57.69,93.28,54.34,72,50,4.43,2019_07_14 14.53
Itarema,-2.92,-39.92,76.48,81,84,7.02,2019_07_14 14.53
Maningrida,-12.05,134.23,63.7,64,81,11.83,2019_07_14 14.53
Chizhou,30.67,117.49,70.9,89,0,3.8,2019_07_14 14.53
General Roca,-39.03,-67.58,57.2,26,0,20.8,2019_07_14 14.53
Loei,17.49,101.72,71.98,85,100,5.99,2019_07_14 14.53
Montorio al Vomano,42.58,13.64,68.54,73,0,1.12,2019_07_14 14.53
Darhan,49.49,105.92,61.54,84,100,5.44,2019_07_14 14.53
Bay Roberts,47.58,-53.28,51.87,93,90,13.87,2019_07_14 14.53
Puerto del Rosario,28.5,-13.86,73.4,73,20,23.04,2019_07_14 14.53
Poya,-21.35,165.16,70.72,84,73,15.68,2019_07_14 14.53
Shurugwi,-19.67,30,49.3,50,0,8.46,2019_07_14 14.53
Massakory,13,15.73,83.68,60,0,15.93,2019_07_14 14.53
Tramagal,39.45,-8.25,69.82,88,90,8.05,2019_07_14 14.53
Gamba,28.28,88.52,39.58,80,81,3.04,2019_07_14 14.53
Yumen,40.29,97.04,73.6,24,0,6.58,2019_07_14 14.53
Copiapo,-27.37,-70.33,59,67,0,11.41,2019_07_14 14.53
Quatre Cocos,-20.21,57.76,64.71,77,40,3.36,2019_07_14 14.53
Gat,14.69,-16.54,80.6,74,0,9.17,2019_07_14 14.53
Gela,37.07,14.25,72.93,69,20,5.82,2019_07_14 14.53
Horn,48.66,15.66,57.69,93,0,4.7,2019_07_14 14.53
Along,28.17,94.8,59.74,100,100,1.99,2019_07_14 14.53
Bitkine,11.98,18.21,80.62,69,34,11.3,2019_07_14 14.53
Porto Nacional,-10.7,-48.41,91.4,33,40,5.82,2019_07_14 14.53
Mandan,46.83,-100.89,87.53,66,1,8.05,2019_07_14 14.53
Mo i Rana,66.32,14.15,50,76,75,8.05,2019_07_14 14.53
Bonavista,48.65,-53.11,52,81,100,4,2019_07_14 14.53
Rorvik,64.86,11.24,49.64,87,75,5.82,2019_07_14 14.53
Barcelona,41.38,2.18,74.01,73,0,4.7,2019_07_14 14.53
Nueva Gerona,21.88,-82.8,86.74,67,1,12.57,2019_07_14 14.53
Chestermere,51.04,-113.82,71.08,67,75,18.34,2019_07_14 14.53
Port Hedland,-20.31,118.58,55.4,47,0,6.93,2019_07_14 14.53
Chinsali,-10.55,32.07,58.48,56,0,9.1,2019_07_14 14.53
Oranjemund,-28.55,16.43,54.16,91,0,7.23,2019_07_14 14.53
Maua,0.23,37.94,49.84,97,83,8.39,2019_07_14 14.53
Embrach,47.51,8.59,57.56,87,75,5.82,2019_07_14 14.53
Valleyview,55.07,-117.28,74.68,39,29,7.2,2019_07_14 14.53
Contai,21.78,87.75,86.38,66,89,10.65,2019_07_14 14.53
Biskamzha,53.45,89.53,50.38,90,0,4.85,2019_07_14 14.53
Plettenberg Bay,-34.05,23.37,51.28,89,15,2.89,2019_07_14 14.53
Luau,-10.7,22.23,64.06,26,0,4.85,2019_07_14 14.53
Palwal,28.14,77.33,90.72,69,75,10.29,2019_07_14 14.53
Boa Vista,2.82,-60.67,89.6,46,40,5.82,2019_07_14 14.53
Palana,59.08,159.95,51.82,86,33,25.43,2019_07_14 14.53
Margate,-43.03,147.26,45.05,61,40,14.99,2019_07_14 14.53
Bontang,0.12,117.47,70.36,99,70,2.04,2019_07_14 14.53
Jaguarao,-32.57,-53.38,46.78,85,8,4.74,2019_07_14 14.53
Curuguaty,-24.47,-55.69,70.36,82,29,3.06,2019_07_14 14.53
Anadyr,64.73,177.51,55.2,87,75,15.66,2019_07_14 14.53
Paita,-5.09,-81.11,62.6,290,0,13.87,2019_07_14 14.53
Okakarara,-20.59,17.46,53.44,15,0,9.48,2019_07_14 14.53
Abu Dhabi,24.47,54.37,92.25,67,61,5.82,2019_07_14 14.53
Sassandra,4.95,-6.09,70.18,86,0,2.55,2019_07_14 14.53
Matadi,-5.83,13.46,71.44,81,0,3.91,2019_07_14 14.53
Taoudenni,22.68,-3.98,98.98,16,28,6.26,2019_07_14 14.53
Koungheul,13.98,-14.8,89.08,54,0,15.17,2019_07_14 14.53
Chimbote,-9.08,-78.59,62.8,87,0,16.82,2019_07_14 14.53
Bucerias,20.76,-105.33,84.52,62,75,9.17,2019_07_14 14.53
Quang Ngai,15.12,108.8,70.54,96,3,3.51,2019_07_14 14.53
Havoysund,71,24.66,45.63,81,75,8.05,2019_07_14 14.53
San Pedro,-33.68,-59.66,55,70,23,2.86,2019_07_14 14.53
Veseloyarsk,51.29,81.11,66.04,69,0,12.39,2019_07_14 14.53
Glens Falls,43.31,-73.64,80.58,42,75,11.41,2019_07_14 14.53
Chimoio,-19.11,33.48,60.8,77,20,0.74,2019_07_14 14.53
Hirara,24.8,125.28,83.32,82,0,11.27,2019_07_14 14.53
Nikel,69.41,30.21,46.4,75,75,6.93,2019_07_14 14.53
Grand Gaube,-20.01,57.66,64.67,77,40,3.36,2019_07_14 14.53
Maragogi,-9.01,-35.22,72.7,92,37,4.56,2019_07_14 14.53
Lasa,34.92,32.53,74.62,78,40,9.17,2019_07_14 14.53
Tecoanapa,16.99,-99.26,86,70,40,8.05,2019_07_14 14.53
Bull Savanna,17.89,-77.59,84.58,73,4,14.9,2019_07_14 14.53
Narsaq,60.91,-46.05,62.6,36,0,10.29,2019_07_14 14.53
Merauke,-8.49,140.4,77.38,84,100,23.85,2019_07_14 14.53
Kirakira,-10.46,161.92,79,86,100,4.34,2019_07_14 14.53
Mchinji,-13.8,32.89,53.62,82,0,3.6,2019_07_14 14.53
Tulun,54.56,100.58,55.96,97,100,8.19,2019_07_14 14.53
Pangoa,-12.12,-73,84.58,51,3,4.9,2019_07_14 14.53
Mhango,-2.75,33.92,70.36,48,66,11.7,2019_07_14 14.53
Wick,51.45,-2.43,63.45,72,0,6.93,2019_07_14 14.53
Elmina,5.09,-1.35,75.04,86,0,10.63,2019_07_14 14.53
Oshikango,-17.39,15.89,62.6,20,0,2.24,2019_07_14 14.53
Saint Anthony,43.97,-111.68,85.33,25,1,12.75,2019_07_14 14.53
Pilar,-34.46,-58.91,53.29,71,0,5.82,2019_07_14 14.53
